[
    {
      "id":1,
      "img": ["https://media.tacdn.com/media/attractions-splice-spp-674x446/11/ac/fe/ea.jpg",
              "https://res.cloudinary.com/hello-tickets/image/upload/c_limit,f_auto,q_auto,w_1300/v1645980701/tm738okqrndc5dvepoa7.jpg",
              "https://www.ngenespanol.com/wp-content/uploads/2023/02/jardines-de-versalles.jpg"
    ],
    "nombre": "Ruta del Tango en Buenos Aires, Argentina",
    "ubicacion": "Argentina",
    "precio": "$450", 
    "stock": 12,
    "comprados": 3 ,
    "fecha":[{"fecha":"2024-12-05" , "stock":12}],
    "caracteristicas":[],
    "categoria": 1,
    "descripcion":"Déjate envolver por la pasión del tango en la ciudad que lo vio nacer. Recorre los barrios emblemáticos como San Telmo y La Boca, asiste a una clase de baile y disfruta de una noche mágica en una auténtica milonga porteña. Complementa la experiencia con un banquete de asado argentino y vinos de Mendoza.",
    "rating":4.5
    },
    {
      "id":2,
      "img": ["https://eeao2nst5vu.exactdn.com/wp-content/uploads/2012/08/Encarnaci%C3%B3n-Paraguay.jpg",
              "https://www.lanacion.com.ar/resizer/v2/the-welcome-sign-and-palace-of-the-lopez-in-AO5ZRTI22NCPLPNCNTRV3ETFMY.jpg?auth=7a189ed2c34cf06eb125a343c565098af7b504375d7561e0fab555b6a79aea7f&width=420&height=280&quality=70&smart=true",
              "https://www.mre.gov.py/embapar-ecuador/application/files/1315/9188/7819/asuncion-3.jpg",
              "https://static.hosteltur.com/app/public/uploads/img/articles/2015/11/01/L_5c1a45260f04b_6952_Paraguay1.jpg",
              "https://www.ip.gov.py/ip/wp-content/uploads/2015/02/Ruinas-tur%C3%ADsticas.jpg"
    ],
    "nombre": "Encarnacion ",
    "ubicacion": "Paraguay",
    "precio": "$450",
    "stock": 12,
    "comprados": 3 ,
    "fecha":[{"fecha":"2024-12-05" , "stock":12},{"fecha":"2024-11-29" , "stock":22},{"fecha":"2024-11-30" , "stock":22}],
    "caracteristicas":[],
    "categoria": 2,
    "descripcion":"Embárcate en un viaje inolvidable a las tierras salvajes del paraguay. Explora los impresionantes lugares del Parque Nacional. Incluye caminatas guiadas, encuentros con fauna local y la oportunidad de fotografiar paisajes únicos en el mundo.",
    "rating":3.5
    },
    {
      "id":3,
      "img":[ "https://gestion.pe/resizer/Xghq54uYN86UpL_J2Ok6vtThZrM=/1200x900/smart/filters:format(jpeg):quality(75)/cloudfront-us-east-1.images.arcpublishing.com/elcomercio/QR3WWGWNRVAIZPGJDZSKCMEF6A.jpg",
              "https://dynamic-media-cdn.tripadvisor.com/media/photo-o/14/10/2f/fe/united-kingdom.jpg?w=600&h=500&s=1",
              "https://tipsparatuviaje.com/wp-content/uploads/2020/03/ojo-de-londres.jpg"
      ],
      "nombre": "Gran Bretaña",
      "ubicacion": "Londres",
      "precio": "$450",
      "stock": 12,
      "comprados": 3 ,
      "fecha":[{"fecha":"2024-12-05" , "stock":12}],
      "caracteristicas":[],
      "categoria":1,
      "descripcion":"ESTA ES UNA DESCRIPCION DEBERAS!",
      "rating":2.5
    },
    {
      "id":4,
      "img": ["https://media.tacdn.com/media/attractions-splice-spp-674x446/12/4f/54/e5.jpg"],
      "nombre": "Visita a la Estatua de la Libertad",
      "ubicacion": "Nueva York",
      "precio": "$450",
      "stock": 12, 
      "comprados": 3 ,
      "fecha":[{"fecha":"2024-12-05" , "stock":12}],
      "caracteristicas":[],
      "categoria":1,
      "descripcion":"ESTA ES UNA DESCRIPCION DEBERAS!",
      "rating":2.5
    },
    {
      "id":5,
      "img": ["https://mascolombia.com/wp-content/uploads/2021/09/Bogta.-Calle-60.jpeg",
              "https://dynamic-media-cdn.tripadvisor.com/media/photo-o/29/be/34/46/caption.jpg?w=500&h=400&s=1",
              "https://www.clarin.com/2023/10/07/15Oj-5pZU_2000x1500__1.jpg"
      ],
      "nombre": "Maravillas del Caribe en Colombia",
      "ubicacion": "Colombia",
      "precio": "$450",
      "stock": 12, 
      "comprados": 3 ,
      "fecha":[{"fecha":"2024-12-05" , "stock":22}],
      "caracteristicas":[],
      "categoria": 1,
      "descripcion":"Sumérgete en el paraíso tropical de Cartagena. Este tour combina un recorrido por el casco antiguo, lleno de historia y color, con días de relax en las playas cristalinas de Islas del Rosario. Termina la experiencia con una cena al aire libre bajo las estrellas y al ritmo de música local.",
      "rating":2.5
    },
    {
      "id":6,
      "img": ["https://media.tacdn.com/media/attractions-splice-spp-674x446/07/84/81/c5.jpg"],
      "nombre": "Aventura Andina en Perú",
      "ubicacion": "Perú",
      "precio": "$450",
      "stock": 12,
      "comprados": 3 ,
      "fecha":[{"fecha":"2024-12-05" , "stock":12}],
      "caracteristicas":[],
      "categoria": 1,
      "descripcion":"Descubre la magia de los Andes con este tour que te llevará desde la vibrante ciudad de Cusco hasta las maravillas de Machu Picchu. Explora los mercados tradicionales, prueba la auténtica comida peruana y disfruta de vistas espectaculares en el Valle Sagrado de los Incas. Ideal para amantes de la historia y la naturaleza.",
      "rating":2.5
    },
    {
      "id":7,
      "img": ["https://media.tacdn.com/media/attractions-splice-spp-674x446/07/84/81/c5.jpg"],
      "nombre": "riviera maya",
      "ubicacion": "Mexico",
      "precio": "$450",
      "stock": 12,
      "comprados": 3 ,
      "fecha":[{"fecha":"2024-12-05"}],
      "caracteristicas":[],
      "categoria":1,
      "descripcion":"ESTA ES UNA DESCRIPCION DEBERAS!",
      "rating":2.5
    },
    {
      "id":8,
      "img": ["https://i.ytimg.com/vi/Y0tUcNJNYtA/maxresdefault.jpg",
              "https://encrypted-tbn0.gstatic.com/images?q=tbn:ANd9GcTetTCudBQ6frdfYcBKxP9MoXPpo3bq5191Eg&s",
              "https://encrypted-tbn0.gstatic.com/images?q=tbn:ANd9GcQQ_A2vplB3RR_d3kIy9urEnUegTavT6bQkag&s",
              "https://encrypted-tbn0.gstatic.com/images?q=tbn:ANd9GcSfSMlC_HdIAF5k7xo_h8KhZtgyR52KaMntz3ulRscMqg3-EvwEHp_UirZ_B5NGIvQCnK0&usqp=CAU",
              "https://elviajerofeliz.com/wp-content/uploads/2018/05/Que%CC%81-ver-en-Cancu%CC%81n-6.jpg"
            ],
      "nombre": "Nichupté, Villas Otoch",
      "ubicacion": "CANCUN",
      "precio": "$450",
      "stock": 12,
      "comprados": 3 ,
      "fecha":[{"fecha":"2024-12-05" , "stock":12}],
      "caracteristicas":[],
      "categoria":1,
      "descripcion":"ESTA ES UNA DESCRIPCION DEBERAS!",
      "rating":2.5
    },
    {
      "id":9,
      "img": ["https://media-cdn.tripadvisor.com/media/attractions-splice-spp-674x446/06/e4/c4/b8.jpg",
              "https://diarioistmo.blob.core.windows.net/images/2022/12/06/whatsapp-image-2022-12-06-at-11.47.53-am-focus-0-0-495-370.jpg",
              "https://encrypted-tbn0.gstatic.com/images?q=tbn:ANd9GcRY7SVGSVu7fc4y-FJq6fTtd5yX8GQq4TISZnX16Lal9mqx_hEKi7i5mNQLt9uCwGMuckg&usqp=CAU",
              "https://encrypted-tbn0.gstatic.com/images?q=tbn:ANd9GcQ0QVMsvn_KpyXEeIr4oPW32TzGOF3dhMnyrwhVh0PqBXyaBE9pKvyTlxm2CO2IPbhhU8Y&usqp=CAU",
              "https://i2.wp.com/www.sinembargo.mx/wp-content/uploads/2020/05/sanjuandeuluaveracruz.jpg?fit=1100%2C580&quality=80&strip=all&ssl=1",
              "https://www.lugaresturisticosdeveracruz.com/wp-content/uploads/2018/07/Revellin-de-San-Jose-en-San-Juan-de-Ulua-2.jpg",
              "https://www.diariodexalapa.com.mx/local/ega9l4-san-juan-de-ulua/alternates/LANDSCAPE_640/San%20Juan%20de%20Ul%C3%BAa"
            ],
      "nombre": "Castillo de San Juan de Ulúa",
      "ubicacion": "VERACRUZ",
      "precio": "$450",
      "stock": 12,
      "comprados": 3 ,
      "fecha":[{"fecha":"2024-12-05" , "stock":12}],
      "caracteristicas":[],
      "categoria":1,
      "descripcion":"ESTA ES UNA DESCRIPCION DEBERAS!",
      "rating":2.5
    },
    {
      "id":10,
      "img": ["https://media.tacdn.com/media/attractions-splice-spp-674x446/07/84/81/c5.jpg"],
      "nombre": "Cata de vinos en París con almuerzo de queso y charcutería",
      "ubicacion": "Mexico",
      "precio": "$CHILE",
      "stock": 12,
      "comprados": 3 ,
      "fecha":[{"fecha":"2024-12-05" , "stock":12}],
      "caracteristicas":[],
      "categoria": 1,
      "descripcion":"ESTA ES UNA DESCRIPCION DEBERAS!",
      "rating":2.5
    },
    {
      "id":11,
      "img": ["https://media.tacdn.com/media/attractions-splice-spp-674x446/07/84/81/c5.jpg"],
      "nombre": "Camino de las Pardines , Valle del Madriu ...",
      "ubicacion": "ANDORRA",
      "precio": "$850",
      "stock": 12,
      "comprados": 3 ,
      "fecha":[{"fecha":"2024-12-05" , "stock":12}],
      "caracteristicas":[],
      "categoria": 1,
      "descripcion":"ESTA ES UNA DESCRIPCION DEBERAS!",
      "rating":2.5
    },
    {
      "id":12,
      "img": ["https://media.tacdn.com/media/attractions-splice-spp-674x446/07/84/81/c5.jpg"],
      "nombre": "BARCELONA",
      "ubicacion": "ESPAÑA",
      "precio": "$850",
      "stock": 12,
      "comprados": 3 ,
      "fecha":[{"fecha":"2024-12-05" , "stock":12}],
      "caracteristicas":[],
      "categoria": 1,
      "descripcion":"ESTA ES UNA DESCRIPCION DEBERAS!",
      "rating":2.5
    }
  ]